Название товара,Цена (руб),Цена отформатированная,Ссылка на товар,Категория
Torsher Ralf Beige,13990,13 990 руб.,https://www.divan.ru/product/torsher-ralf-beige,Источники освещения
Podvesnoj Svetilnik Ferum Orange,4990,4 990 руб.,https://www.divan.ru/product/podvesnoj-svetilnik-ferum-orange,Источники освещения
Nastolnaya Lampa Nidls Raffia Beige,6990,6 990 руб.,https://www.divan.ru/product/nastolnaya-lampa-nidls-raffia-beige,Источники освещения
Svetilnik Potolochnyj Ringa Black,2490,2 490 руб.,https://www.divan.ru/product/svetilnik-potolochnyj-ringa-black,Источники освещения
Torsher Greno 2 Beige,13990,13 990 руб.,https://www.divan.ru/product/torsher-greno-2-beige,Источники освещения
Torsher Bjork White,11990,11 990 руб.,https://www.divan.ru/product/torsher-bjork-white,Источники освещения
Podvesnoj Svetilnik Nidls Beige,5990,5 990 руб.,https://www.divan.ru/product/podvesnoj-svetilnik-nidls-beige,Источники освещения
Nastolnaya Lampa Mashrum 2 Black,4990,4 990 руб.,https://www.divan.ru/product/nastolnaya-lampa-mashrum-2-black,Источники освещения
Torsher Vena Black,11990,11 990 руб.,https://www.divan.ru/product/torsher-vena-black,Источники освещения
Torsher Bindu Beige,16990,16 990 руб.,https://www.divan.ru/product/torsher-bindu-beige,Источники освещения
Torsher Larri Black,13990,13 990 руб.,https://www.divan.ru/product/torsher-larri-black,Источники освещения
Podvesnoj Svetilnik Tubuli 5 Wood,8990,8 990 руб.,https://www.divan.ru/product/podvesnoj-svetilnik-tubuli-5-wood,Источники освещения
Nastolnaya Lampa Sfera Orange,5990,5 990 руб.,https://www.divan.ru/product/nastolnaya-lampa-sfera-orange,Источники освещения
Bra Smasten White,4990,4 990 руб.,https://www.divan.ru/product/bra-smasten-white,Источники освещения
Torsher Alnej 1 Black,7990,7 990 руб.,https://www.divan.ru/product/torsher-alnej-1-black,Источники освещения
Nastolnaya Lampa Arvika Wood,5990,5 990 руб.,https://www.divan.ru/product/nastolnaya-lampa-arvika-wood,Источники освещения
Nastolnaya Lampa Spajk Orange,1390,1 390 руб.,https://www.divan.ru/product/nastolnaya-lampa-spajk-orange,Источники освещения
Podvesnoj Svetilnik Inlada Wood,6490,6 490 руб.,https://www.divan.ru/product/podvesnoj-svetilnik-inlada-wood,Источники освещения
Torsher Nidls 2 Black,15990,15 990 руб.,https://www.divan.ru/product/torsher-nidls-2-black,Источники освещения
Nastolnaya Lampa Alnej Beige,5990,5 990 руб.,https://www.divan.ru/product/nastolnaya-lampa-alnej-beige,Источники освещения
Nastolnaya Lampa Nidls 3 Beige,4990,4 990 руб.,https://www.divan.ru/product/nastolnaya-lampa-nidls-3-beige,Источники освещения
Podvesnoj Svetilnik Namsen Black,7490,7 490 руб.,https://www.divan.ru/product/podvesnoj-svetilnik-namsen-black,Источники освещения
Torsher Alnej 1 Orange,8990,8 990 руб.,https://www.divan.ru/product/torsher-alnej-1-orange,Источники освещения
Nastolnaya Lampa Mashrum 2 Pink,4990,4 990 руб.,https://www.divan.ru/product/nastolnaya-lampa-mashrum-2-pink,Источники освещения
Torsher Nidls Khaki,16990,16 990 руб.,https://www.divan.ru/product/torsher-nidls-khaki,Источники освещения
Torsher Nidls 2 Beige,15990,15 990 руб.,https://www.divan.ru/product/torsher-nidls-2-beige,Источники освещения
Lyustra Livsden Brown,18990,18 990 руб.,https://www.divan.ru/product/lyustra-livsden-brown,Источники освещения
Torsher Alnej 1 Beige,7990,7 990 руб.,https://www.divan.ru/product/torsher-alnej-1-beige,Источники освещения
Podvesnoj Svetilnik Grontri 1 Wood,9490,9 490 руб.,https://www.divan.ru/product/podvesnoj-svetilnik-grontri-1-wood,Источники освещения
Torsher Greno 2 Black,13990,13 990 руб.,https://www.divan.ru/product/torsher-greno-2-black,Источники освещения
Nastolnaya Lampa Mashrum 2 Gold,5990,5 990 руб.,https://www.divan.ru/product/nastolnaya-lampa-mashrum-2-gold,Источники освещения
Nastolnaya Lampa Nidls 2 Beige,3990,3 990 руб.,https://www.divan.ru/product/nastolnaya-lampa-nidls-2-beige,Источники освещения
Nastolnaya Lampa Spajk Green,1390,1 390 руб.,https://www.divan.ru/product/nastolnaya-lampa-spajk-green,Источники освещения
Nastolnaya Lampa Mashrum 2 Green,4990,4 990 руб.,https://www.divan.ru/product/nastolnaya-lampa-mashrum-2-green,Источники освещения
Bra Brakett White,4490,4 490 руб.,https://www.divan.ru/product/bra-brakett-white,Источники освещения
Torsher Alnej 1 Green,7990,7 990 руб.,https://www.divan.ru/product/torsher-alnej-1-green,Источники освещения
Nastolnaya Lampa Alnej Black,5990,5 990 руб.,https://www.divan.ru/product/nastolnaya-lampa-alnej-black,Источники освещения
Torsher Ralf White,13990,13 990 руб.,https://www.divan.ru/product/torsher-ralf-white,Источники освещения
Podvesnoj Svetilnik Otra Wood,12490,12 490 руб.,https://www.divan.ru/product/podvesnoj-svetilnik-otra-wood,Источники освещения
Torsher Larri Green,13990,13 990 руб.,https://www.divan.ru/product/torsher-larri-green,Источники освещения
Nastolnaya Lampa Alnej Orange,5990,5 990 руб.,https://www.divan.ru/product/nastolnaya-lampa-alnej-orange,Источники освещения
Nastolnaya Lampa Mashrum 2 Silver,5990,5 990 руб.,https://www.divan.ru/product/nastolnaya-lampa-mashrum-2-silver,Источники освещения
Svetilnik Potolochnyj Orhus White,16990,16 990 руб.,https://www.divan.ru/product/svetilnik-potolochnyj-orhus-white,Источники освещения
Torsher Larri Beige,13990,13 990 руб.,https://www.divan.ru/product/torsher-larri-beige,Источники освещения
Nastolnaya Lampa Raffi Round,6990,6 990 руб.,https://www.divan.ru/product/nastolnaya-lampa-raffi-round,Источники освещения
Torsher Greno 2 Silver,15990,15 990 руб.,https://www.divan.ru/product/torsher-greno-2-silver,Источники освещения
Torsher Raffi Round,12990,12 990 руб.,https://www.divan.ru/product/torsher-raffi-round,Источники освещения
Nastolnaya Lampa Mashrum 2 Grey,4990,4 990 руб.,https://www.divan.ru/product/nastolnaya-lampa-mashrum-2-grey,Источники освещения
